{
    "run_1": {
        "linear_run1": {
            "RMSE": 357.45937793236584,
            "MAE": 22.992223144699835,
            "R2": 0.29735079229591843
        },
        "rf_run1": {
            "RMSE": 334.3694759876562,
            "MAE": 13.421272142597694,
            "R2": 0.3851935436612175
        },
        "mlp_run1": {
            "RMSE": 335.9973867017905,
            "MAE": 15.81722752087063,
            "R2": 0.3791924792228236
        },
        "lgb_run1": {
            "RMSE": 316.1670982504516,
            "MAE": 17.911565042457905,
            "R2": 0.45030913836847863
        }
    },
    "run_2": {
        "linear_run2": {
            "RMSE": 357.45937793236584,
            "MAE": 22.992223144699835,
            "R2": 0.29735079229591843
        },
        "rf_run2": {
            "RMSE": 318.59533970220934,
            "MAE": 12.818481287449469,
            "R2": 0.4418331908608433
        },
        "mlp_run2": {
            "RMSE": 327.49362756595644,
            "MAE": 16.105206206374792,
            "R2": 0.4102188634526722
        },
        "lgb_run2": {
            "RMSE": 316.1670982504516,
            "MAE": 17.911565042457905,
            "R2": 0.45030913836847863
        }
    },
    "run_3": {
        "linear_run3": {
            "RMSE": 357.45937793236584,
            "MAE": 22.992223144699835,
            "R2": 0.29735079229591843
        },
        "rf_run3": {
            "RMSE": 337.9716254116834,
            "MAE": 13.512112948869898,
            "R2": 0.37187561893603027
        },
        "mlp_run3": {
            "RMSE": 278.4813874256255,
            "MAE": 15.23746874894044,
            "R2": 0.573540770063062
        },
        "lgb_run3": {
            "RMSE": 316.1670982504516,
            "MAE": 17.911565042457905,
            "R2": 0.45030913836847863
        }
    }
}